id,genre
0001,classical
0002,blues
0003,hiphop
0004,disco
0005,disco
0006,country
0007,classical
0008,reggae
0009,classical
0010,rock
0011,metal
0012,blues
0013,blues
0014,classical
0015,disco
0016,disco
0017,reggae
0018,rock
0019,blues
0020,reggae
0021,disco
0022,reggae
0023,metal
0024,disco
0025,pop
0026,rock
0027,hiphop
0028,blues
0029,country
0030,metal
0031,jazz
0032,hiphop
0033,country
0034,disco
0035,jazz
0036,classical
0037,classical
0038,metal
0039,classical
0040,jazz
0041,jazz
0042,rock
0043,hiphop
0044,blues
0045,pop
0046,reggae
0047,classical
0048,metal
0049,classical
0050,reggae
0051,hiphop
0052,rock
0053,jazz
0054,rock
0055,disco
0056,classical
0057,blues
0058,disco
0059,hiphop
0060,classical
0061,disco
0062,classical
0063,metal
0064,hiphop
0065,pop
0066,jazz
0067,country
0068,jazz
0069,jazz
0070,disco
0071,hiphop
0072,classical
0073,rock
0074,country
0075,reggae
0076,disco
0077,country
0078,pop
0079,metal
0080,hiphop
0081,reggae
0082,disco
0083,jazz
0084,blues
0085,disco
0086,blues
0087,jazz
0088,metal
0089,hiphop
0090,classical
0091,disco
0092,rock
0093,jazz
0094,disco
0095,pop
0096,metal
0097,pop
0098,country
0099,hiphop
0100,country
0101,disco
0102,reggae
0103,reggae
0104,hiphop
0105,rock
0106,metal
0107,rock
0108,metal
0109,jazz
0110,disco
0111,country
0112,reggae
0113,pop
0114,classical
0115,blues
0116,classical
0117,country
0118,country
0119,metal
0120,rock
0121,classical
0122,metal
0123,metal
0124,rock
0125,pop
0126,reggae
0127,hiphop
0128,reggae
0129,blues
0130,classical
0131,reggae
0132,hiphop
0133,jazz
0134,classical
0135,hiphop
0136,metal
0137,country
0138,pop
0139,blues
0140,hiphop
0141,reggae
0142,country
0143,reggae
0144,classical
0145,hiphop
0146,reggae
0147,rock
0148,disco
0149,country
0150,jazz
0151,country
0152,reggae
0153,reggae
0154,blues
0155,rock
0156,jazz
0157,pop
0158,blues
0159,classical
0160,jazz
0161,hiphop
0162,disco
0163,blues
0164,disco
0165,rock
0166,classical
0167,classical
0168,pop
0169,classical
0170,reggae
0171,country
0172,country
0173,pop
0174,reggae
0175,country
0176,hiphop
0177,reggae
0178,rock
0179,metal
0180,disco
0181,reggae
0182,disco
0183,hiphop
0184,metal
0185,jazz
0186,pop
0187,reggae
0188,pop
0189,classical
0190,disco
0191,disco
0192,classical
0193,jazz
0194,blues
0195,rock
0196,reggae
0197,disco
0198,rock
0199,disco
0200,blues
0201,classical
0202,blues
0203,disco
0204,classical
0205,blues
0206,jazz
0207,classical
0208,reggae
0209,disco
0210,hiphop
0211,pop
0212,disco
0213,reggae
0214,country
0215,rock
0216,rock
0217,pop
0218,disco
0219,pop
0220,metal
0221,disco
0222,classical
0223,classical
0224,metal
0225,jazz
0226,metal
0227,metal
0228,pop
0229,blues
0230,classical
0231,blues
0232,metal
0233,jazz
0234,classical
0235,disco
0236,disco
0237,disco
0238,reggae
0239,pop
0240,country
0241,metal
0242,country
0243,hiphop
0244,pop
0245,disco
0246,classical
0247,pop
0248,reggae
0249,classical
0250,blues
0251,reggae
0252,blues
0253,classical
0254,disco
0255,country
0256,metal
0257,pop
0258,pop
0259,disco
0260,metal
0261,blues
0262,country
0263,metal
0264,blues
0265,metal
0266,hiphop
0267,pop
0268,hiphop
0269,metal
0270,reggae
0271,pop
0272,country
0273,disco
0274,hiphop
0275,disco
0276,blues
0277,rock
0278,reggae
0279,blues
0280,jazz
0281,blues
0282,blues
0283,rock
0284,pop
0285,reggae
0286,reggae
0287,country
0288,blues
0289,reggae
0290,classical
0291,country
0292,classical
0293,rock
0294,classical
0295,disco
0296,metal
0297,classical
0298,rock
0299,disco
0300,rock
0301,rock
0302,blues
0303,rock
0304,classical
0305,metal
0306,rock
0307,rock
0308,reggae
0309,jazz
0310,hiphop
0311,disco
0312,jazz
0313,disco
0314,hiphop
0315,metal
0316,country
0317,hiphop
0318,pop
0319,jazz
0320,classical
0321,blues
0322,pop
0323,rock
0324,rock
0325,classical
0326,classical
0327,reggae
0328,disco
0329,reggae
0330,hiphop
0331,country
0332,jazz
0333,classical
0334,disco
0335,jazz
0336,hiphop
0337,country
0338,pop
0339,reggae
0340,hiphop
0341,rock
0342,reggae
0343,blues
0344,reggae
0345,hiphop
0346,classical
0347,country
0348,hiphop
0349,classical
0350,classical
0351,reggae
0352,country
0353,hiphop
0354,hiphop
0355,rock
0356,disco
0357,jazz
0358,disco
0359,hiphop
0360,reggae
0361,pop
0362,hiphop
0363,blues
0364,classical
0365,metal
0366,hiphop
0367,blues
0368,blues
0369,jazz
0370,country
0371,hiphop
0372,country
0373,pop
0374,reggae
0375,metal
0376,reggae
0377,blues
0378,classical
0379,classical
0380,country
0381,reggae
0382,blues
0383,jazz
0384,rock
0385,reggae
0386,country
0387,metal
0388,country
0389,blues
0390,hiphop
0391,jazz
0392,blues
0393,jazz
0394,disco
0395,disco
0396,classical
0397,jazz
0398,reggae
0399,metal
0400,rock
0401,country
0402,disco
0403,country
0404,country
0405,metal
0406,blues
0407,country
0408,jazz
0409,metal
0410,disco
0411,hiphop
0412,country
0413,classical
0414,metal
0415,blues
0416,pop
0417,disco
0418,disco
0419,pop
0420,jazz
0421,hiphop
0422,disco
0423,disco
0424,blues
0425,disco
0426,metal
0427,jazz
0428,hiphop
0429,classical
0430,hiphop
0431,jazz
0432,reggae
0433,metal
0434,reggae
0435,jazz
0436,blues
0437,classical
0438,hiphop
0439,country
0440,rock
0441,hiphop
0442,blues
0443,classical
0444,rock
0445,metal
0446,jazz
0447,jazz
0448,metal
0449,rock
0450,reggae
0451,classical
0452,metal
0453,rock
0454,disco
0455,hiphop
0456,blues
0457,metal
0458,blues
0459,reggae
0460,reggae
0461,disco
0462,jazz
0463,metal
0464,classical
0465,jazz
0466,rock
0467,jazz
0468,classical
0469,hiphop
0470,reggae
0471,hiphop
0472,metal
0473,jazz
0474,metal
0475,hiphop
0476,reggae
0477,country
0478,disco
0479,metal
0480,metal
0481,country
0482,rock
0483,rock
0484,hiphop
0485,metal
0486,reggae
0487,blues
0488,hiphop
0489,hiphop
0490,disco
0491,metal
0492,rock
0493,rock
0494,jazz
0495,pop
0496,pop
0497,pop
0498,disco
0499,reggae
0500,pop
0501,country
0502,classical
0503,hiphop
0504,reggae
0505,rock
0506,jazz
0507,classical
0508,disco
0509,hiphop
0510,disco
0511,disco
0512,country
0513,blues
0514,blues
0515,disco
0516,pop
0517,rock
0518,classical
0519,pop
0520,metal
0521,rock
0522,disco
0523,metal
0524,pop
0525,metal
0526,disco
0527,country
0528,blues
0529,classical
0530,metal
0531,disco
0532,country
0533,reggae
0534,pop
0535,blues
0536,reggae
0537,disco
0538,classical
0539,pop
0540,country
0541,pop
0542,reggae
0543,reggae
0544,rock
0545,jazz
0546,pop
0547,rock
0548,reggae
0549,metal
0550,reggae
0551,pop
0552,country
0553,pop
0554,pop
0555,hiphop
0556,disco
0557,hiphop
0558,reggae
0559,pop
0560,disco
0561,hiphop
0562,pop
0563,classical
0564,hiphop
0565,disco
0566,hiphop
0567,jazz
0568,jazz
0569,reggae
0570,classical
0571,country
0572,country
0573,disco
0574,metal
0575,country
0576,disco
0577,classical
0578,metal
0579,metal
0580,jazz
0581,reggae
0582,pop
0583,metal
0584,blues
0585,disco
0586,metal
0587,metal
0588,rock
0589,blues
0590,rock
0591,metal
0592,pop
0593,blues
0594,jazz
0595,hiphop
0596,metal
0597,metal
0598,reggae
0599,reggae
0600,rock
0601,disco
0602,pop
0603,disco
0604,hiphop
0605,metal
0606,pop
0607,blues
0608,metal
0609,jazz
0610,metal
0611,country
0612,pop
0613,country
0614,rock
0615,reggae
0616,blues
0617,metal
0618,rock
0619,rock
0620,blues
0621,classical
0622,metal
0623,country
0624,pop
0625,country
0626,blues
0627,hiphop
0628,metal
0629,jazz
0630,disco
0631,pop
0632,jazz
0633,jazz
0634,metal
0635,hiphop
0636,metal
0637,hiphop
0638,classical
0639,pop
0640,blues
0641,reggae
0642,blues
0643,jazz
0644,disco
0645,classical
0646,blues
0647,blues
0648,disco
0649,disco
0650,blues
0651,rock
0652,country
0653,disco
0654,country
0655,pop
0656,classical
0657,rock
0658,disco
0659,pop
0660,hiphop
0661,jazz
0662,country
0663,rock
0664,rock
0665,classical
0666,country
0667,hiphop
0668,classical
0669,rock
0670,blues
0671,hiphop
0672,rock
0673,metal
0674,metal
0675,disco
0676,classical
0677,rock
0678,disco
0679,classical
0680,hiphop
0681,rock
0682,classical
0683,rock
0684,blues
0685,jazz
0686,reggae
0687,metal
0688,jazz
0689,classical
0690,reggae
0691,jazz
0692,blues
0693,metal
0694,pop
0695,classical
0696,metal
0697,jazz
0698,pop
0699,country
0700,metal
0701,country
0702,reggae
0703,hiphop
0704,rock
0705,reggae
0706,pop
0707,pop
0708,metal
0709,rock
0710,hiphop
0711,jazz
0712,disco
0713,classical
0714,hiphop
0715,pop
0716,disco
0717,pop
0718,rock
0719,rock
0720,metal
0721,jazz
0722,blues
0723,pop
0724,jazz
0725,country
0726,pop
0727,disco
0728,jazz
0729,hiphop
0730,jazz
0731,hiphop
0732,rock
0733,hiphop
0734,reggae
0735,blues
0736,reggae
0737,disco
0738,classical
0739,disco
0740,metal
0741,pop
0742,reggae
0743,disco
0744,pop
0745,pop
0746,pop
0747,blues
0748,classical
0749,hiphop
0750,disco
0751,metal
0752,disco
0753,hiphop
0754,rock
0755,jazz
0756,pop
0757,reggae
0758,reggae
0759,jazz
0760,metal
0761,reggae
0762,jazz
0763,jazz
0764,pop
0765,hiphop
0766,hiphop
0767,hiphop
0768,disco
0769,classical
0770,disco
0771,jazz
0772,classical
0773,reggae
0774,country
0775,disco
0776,disco
0777,pop
0778,hiphop
0779,rock
0780,reggae
0781,rock
0782,hiphop
0783,classical
0784,disco
0785,hiphop
0786,disco
0787,jazz
0788,country
0789,hiphop
0790,blues
0791,reggae
0792,country
0793,hiphop
0794,blues
0795,blues
0796,reggae
0797,hiphop
0798,country
0799,pop
0800,classical
0801,blues
0802,rock
0803,hiphop
0804,pop
0805,pop
0806,pop
0807,jazz
0808,country
0809,blues
0810,hiphop
0811,pop
0812,classical
0813,classical
0814,metal
0815,pop
0816,classical
0817,rock
0818,blues
0819,country
0820,country
0821,rock
0822,hiphop
0823,classical
0824,disco
0825,classical
0826,reggae
0827,metal
0828,rock
0829,rock
0830,rock
0831,disco
0832,reggae
0833,metal
0834,pop
0835,pop
0836,hiphop
0837,rock
0838,metal
0839,hiphop
0840,rock
0841,rock
0842,blues
0843,rock
0844,classical
0845,disco
0846,disco
0847,hiphop
0848,classical
0849,country
0850,disco
0851,country
0852,reggae
0853,classical
0854,country
0855,blues
0856,metal
0857,pop
0858,rock
0859,pop
0860,hiphop
0861,blues
0862,disco
0863,hiphop
0864,hiphop
0865,pop
0866,classical
0867,disco
0868,hiphop
0869,rock
0870,disco
0871,metal
0872,classical
0873,reggae
0874,disco
0875,country
0876,hiphop
0877,country
0878,classical
0879,blues
0880,country
0881,hiphop
0882,rock
0883,rock
0884,hiphop
0885,pop
0886,classical
0887,pop
0888,hiphop
0889,metal
0890,hiphop
0891,reggae
0892,reggae
0893,pop
0894,pop
0895,classical
0896,rock
0897,blues
0898,metal
0899,jazz
0900,rock
0901,hiphop
0902,blues
0903,classical
0904,disco
0905,rock
0906,rock
0907,blues
0908,hiphop
0909,rock
0910,blues
0911,country
0912,pop
0913,reggae
0914,pop
0915,hiphop
0916,country
0917,rock
0918,metal
0919,pop
0920,classical
0921,pop
0922,jazz
0923,metal
0924,jazz
0925,jazz
0926,classical
0927,country
0928,jazz
0929,metal
0930,pop
0931,hiphop
0932,metal
0933,reggae
0934,blues
0935,pop
0936,classical
0937,jazz
0938,hiphop
0939,jazz
0940,classical
0941,metal
0942,reggae
0943,blues
0944,reggae
0945,pop
0946,metal
0947,blues
0948,disco
0949,reggae
0950,jazz
0951,rock
0952,pop
0953,pop
0954,blues
0955,disco
0956,hiphop
0957,reggae
0958,country
0959,hiphop
0960,pop
0961,pop
0962,classical
0963,blues
0964,rock
0965,disco
0966,country
0967,hiphop
0968,reggae
0969,blues
0970,reggae
0971,metal
0972,classical
0973,disco
0974,classical
0975,pop
0976,classical
0977,country
0978,pop
0979,hiphop
0980,reggae
0981,hiphop
0982,metal
0983,pop
0984,pop
0985,disco
0986,pop
0987,reggae
0988,country
0989,metal
0990,disco
0991,rock
0992,reggae
0993,country
0994,classical
0995,hiphop
0996,metal
0997,jazz
0998,reggae
0999,hiphop
1000,blues
1001,hiphop
1002,hiphop
1003,rock
1004,rock
1005,pop
1006,country
1007,pop
1008,reggae
1009,pop
1010,jazz
1011,jazz
1012,reggae
1013,reggae
1014,metal
1015,pop
1016,jazz
1017,disco
1018,disco
1019,rock
1020,metal
1021,disco
1022,metal
1023,blues
1024,jazz
1025,pop
1026,metal
1027,metal
1028,country
1029,pop
1030,blues
1031,country
1032,reggae
1033,rock
1034,jazz
1035,classical
1036,pop
1037,classical
1038,reggae
1039,pop
1040,blues
1041,country
1042,metal
1043,country
1044,classical
1045,pop
1046,hiphop
1047,jazz
1048,rock
1049,metal
1050,classical
1051,jazz
1052,reggae
1053,metal
1054,jazz
1055,pop
1056,reggae
1057,blues
1058,rock
1059,classical
1060,disco
1061,hiphop
1062,disco
1063,classical
1064,metal
1065,classical
1066,classical
1067,pop
1068,country
1069,hiphop
1070,blues
1071,blues
1072,jazz
1073,blues
1074,hiphop
1075,jazz
1076,jazz
1077,metal
1078,country
1079,disco
1080,reggae
1081,metal
1082,rock
1083,country
1084,country
1085,country
1086,classical
1087,rock
1088,metal
1089,rock
1090,disco
1091,pop
1092,rock
1093,country
1094,disco
1095,pop
1096,hiphop
1097,pop
1098,hiphop
1099,blues
1100,pop
1101,hiphop
1102,reggae
1103,country
1104,classical
1105,pop
1106,jazz
1107,rock
1108,hiphop
1109,metal
1110,hiphop
1111,pop
1112,hiphop
1113,disco
1114,metal
1115,pop
1116,classical
1117,disco
1118,metal
1119,rock
1120,jazz
1121,rock
1122,hiphop
1123,hiphop
1124,blues
1125,metal
1126,hiphop
1127,blues
1128,rock
1129,blues
1130,rock
1131,pop
1132,hiphop
1133,disco
1134,rock
1135,jazz
1136,disco
1137,disco
1138,rock
1139,hiphop
1140,country
1141,classical
1142,blues
1143,hiphop
1144,pop
1145,blues
1146,rock
1147,jazz
1148,country
1149,classical
1150,hiphop
1151,jazz
1152,metal
1153,country
1154,disco
1155,country
1156,reggae
1157,jazz
1158,reggae
1159,reggae
1160,hiphop
1161,country
1162,hiphop
1163,pop
1164,hiphop
1165,jazz
1166,classical
1167,pop
1168,classical
1169,country
1170,disco
1171,metal
1172,reggae
1173,jazz
1174,classical
1175,metal
1176,blues
1177,hiphop
1178,reggae
1179,classical
1180,pop
1181,jazz
1182,hiphop
1183,rock
1184,metal
1185,jazz
1186,classical
1187,disco
1188,pop
1189,blues
1190,rock
1191,reggae
1192,jazz
1193,rock
1194,disco
1195,classical
1196,pop
1197,hiphop
1198,metal
1199,classical
1200,country
1201,blues
1202,blues
1203,hiphop
1204,pop
1205,classical
1206,classical
1207,disco
1208,reggae
1209,country
1210,metal
1211,pop
1212,jazz
1213,reggae
1214,metal
1215,rock
1216,country
1217,metal
1218,classical
1219,pop
1220,rock
1221,metal
1222,hiphop
1223,blues
1224,jazz
1225,disco
1226,pop
1227,pop
1228,disco
1229,jazz
1230,classical
1231,jazz
1232,reggae
1233,jazz
1234,blues
1235,metal
1236,hiphop
1237,disco
1238,classical
1239,pop
1240,classical
1241,disco
1242,rock
1243,blues
1244,blues
1245,jazz
1246,disco
1247,country
1248,rock
1249,disco
1250,classical
1251,reggae
1252,disco
1253,rock
1254,disco
1255,disco
1256,jazz
1257,country
1258,rock
1259,blues
1260,hiphop
1261,country
1262,country
1263,reggae
1264,hiphop
1265,country
1266,classical
1267,blues
1268,country
1269,blues
1270,jazz
1271,disco
1272,rock
1273,jazz
1274,blues
1275,country
1276,hiphop
1277,blues
1278,country
1279,metal
1280,reggae
1281,classical
1282,classical
1283,pop
1284,pop
1285,jazz
1286,reggae
1287,rock
1288,classical
1289,pop
1290,reggae
1291,disco
1292,rock
1293,blues
1294,reggae
1295,hiphop
1296,pop
1297,blues
1298,blues
1299,pop
1300,metal
1301,metal
1302,classical
1303,pop
1304,pop
1305,classical
1306,classical
1307,jazz
1308,rock
1309,country
1310,classical
1311,country
1312,hiphop
1313,rock
1314,rock
1315,reggae
1316,jazz
1317,metal
1318,rock
1319,reggae
1320,hiphop
1321,pop
1322,reggae
1323,rock
1324,metal
1325,classical
1326,classical
1327,reggae
1328,disco
1329,metal
1330,pop
1331,disco
1332,metal
1333,jazz
1334,pop
1335,metal
1336,metal
1337,classical
1338,jazz
1339,metal
1340,jazz
1341,hiphop
1342,jazz
1343,country
1344,pop
1345,classical
1346,classical
1347,classical
1348,classical
1349,metal
1350,classical
1351,jazz
1352,country
1353,reggae
1354,blues
1355,rock
1356,reggae
1357,reggae
1358,jazz
1359,classical
1360,metal
1361,jazz
1362,metal
1363,blues
1364,hiphop
1365,rock
1366,hiphop
1367,jazz
1368,classical
1369,rock
1370,reggae
1371,disco
1372,country
1373,pop
1374,disco
1375,classical
1376,jazz
1377,reggae
1378,jazz
1379,classical
1380,hiphop
1381,rock
1382,disco
1383,metal
1384,reggae
1385,rock
1386,rock
1387,reggae
1388,blues
1389,rock
1390,hiphop
1391,blues
1392,country
1393,hiphop
1394,hiphop
1395,jazz
1396,jazz
1397,blues
1398,country
1399,country
1400,rock
1401,metal
1402,classical
1403,country
1404,blues
1405,classical
1406,reggae
1407,disco
1408,metal
1409,metal
1410,pop
1411,jazz
1412,country
1413,jazz
1414,hiphop
1415,jazz
1416,rock
1417,rock
1418,classical
1419,blues
1420,country
1421,country
1422,rock
1423,blues
1424,classical
1425,hiphop
1426,pop
1427,metal
1428,pop
1429,rock
1430,pop
1431,metal
1432,hiphop
1433,disco
1434,reggae
1435,classical
1436,jazz
1437,metal
1438,classical
1439,hiphop
1440,rock
1441,pop
1442,reggae
1443,hiphop
1444,blues
1445,disco
1446,metal
1447,rock
1448,blues
1449,blues
1450,disco
1451,hiphop
1452,disco
1453,country
1454,hiphop
1455,hiphop
1456,jazz
1457,classical
1458,blues
1459,pop
1460,metal
1461,country
1462,country
1463,metal
1464,reggae
1465,disco
1466,reggae
1467,reggae
1468,jazz
1469,classical
1470,metal
1471,blues
1472,metal
1473,blues
1474,pop
1475,classical
1476,jazz
1477,rock
1478,metal
1479,rock
1480,metal
1481,metal
1482,hiphop
1483,classical
1484,metal
1485,blues
1486,jazz
1487,country
1488,rock
1489,pop
1490,jazz
1491,classical
1492,metal
1493,classical
1494,disco
1495,metal
1496,rock
1497,metal
1498,reggae
1499,classical
1500,metal
1501,hiphop
1502,jazz
1503,disco
1504,jazz
1505,country
1506,classical
1507,reggae
1508,classical
1509,reggae
1510,reggae
1511,disco
1512,jazz
1513,jazz
1514,country
1515,disco
1516,classical
1517,country
1518,hiphop
1519,disco
1520,country
1521,rock
1522,country
1523,classical
1524,country
1525,pop
1526,pop
1527,rock
1528,rock
1529,pop
1530,rock
1531,rock
1532,jazz
1533,jazz
1534,country
1535,pop
1536,classical
1537,pop
1538,pop
1539,hiphop
1540,hiphop
1541,rock
1542,blues
1543,jazz
1544,reggae
1545,classical
1546,hiphop
1547,pop
1548,pop
1549,blues
1550,blues
1551,jazz
1552,hiphop
1553,classical
1554,classical
1555,rock
1556,rock
1557,reggae
1558,metal
1559,pop
1560,rock
1561,reggae
1562,blues
1563,pop
1564,rock
1565,disco
1566,jazz
1567,rock
1568,pop
1569,reggae
1570,country
1571,blues
1572,pop
1573,classical
1574,jazz
1575,classical
1576,reggae
1577,country
1578,blues
1579,disco
1580,pop
1581,pop
1582,reggae
1583,reggae
1584,rock
1585,country
1586,jazz
1587,jazz
1588,hiphop
1589,metal
1590,metal
1591,jazz
1592,rock
1593,blues
1594,jazz
1595,classical
1596,jazz
1597,classical
1598,reggae
1599,metal
1600,hiphop
1601,hiphop
1602,rock
1603,country
1604,jazz
1605,classical
1606,rock
1607,country
1608,jazz
1609,hiphop
1610,metal
1611,country
1612,rock
1613,classical
1614,hiphop
1615,reggae
1616,metal
1617,jazz
1618,country
1619,reggae
1620,classical
1621,metal
1622,reggae
1623,jazz
1624,blues
1625,jazz
1626,hiphop
1627,country
1628,disco
1629,jazz
1630,pop
1631,disco
1632,disco
1633,country
1634,country
1635,classical
1636,hiphop
1637,classical
1638,reggae
1639,reggae
1640,reggae
1641,blues
1642,jazz
1643,rock
1644,country
1645,rock
1646,metal
1647,country
1648,country
1649,country
1650,rock
1651,country
1652,pop
1653,blues
1654,metal
1655,jazz
1656,disco
1657,pop
1658,rock
1659,hiphop
1660,pop
1661,disco
1662,reggae
1663,disco
1664,hiphop
1665,pop
1666,disco
1667,jazz
1668,rock
1669,pop
1670,pop
1671,hiphop
1672,metal
1673,reggae
1674,reggae
1675,metal
1676,country
1677,disco
1678,rock
1679,country
1680,hiphop
1681,blues
1682,pop
1683,jazz
1684,reggae
1685,classical
1686,reggae
1687,classical
1688,hiphop
1689,classical
1690,country
1691,hiphop
1692,pop
1693,reggae
1694,country
1695,metal
1696,classical
1697,disco
1698,pop
1699,jazz
1700,blues
1701,metal
1702,blues
1703,metal
1704,reggae
1705,jazz
1706,disco
1707,metal
1708,classical
1709,jazz
1710,disco
1711,blues
1712,jazz
1713,classical
1714,jazz
1715,country
1716,country
1717,blues
1718,hiphop
1719,pop
1720,country
1721,pop
1722,pop
1723,rock
1724,blues
1725,classical
1726,blues
1727,hiphop
1728,disco
1729,country
1730,reggae
1731,rock
1732,reggae
1733,metal
1734,classical
1735,hiphop
1736,disco
1737,hiphop
1738,classical
1739,blues
1740,disco
1741,metal
1742,rock
1743,pop
1744,classical
1745,classical
1746,pop
1747,rock
1748,reggae
1749,blues
1750,reggae
1751,rock
1752,disco
1753,country
1754,hiphop
1755,metal
1756,blues
1757,rock
1758,jazz
1759,disco
1760,rock
1761,metal
1762,country
1763,classical
1764,reggae
1765,jazz
1766,classical
1767,reggae
1768,reggae
1769,reggae
1770,reggae
1771,reggae
1772,blues
1773,metal
1774,pop
1775,blues
1776,metal
1777,jazz
1778,hiphop
1779,blues
1780,jazz
1781,classical
1782,jazz
1783,disco
1784,classical
1785,rock
1786,jazz
1787,country
1788,blues
1789,jazz
1790,reggae
1791,jazz
1792,country
1793,pop
1794,pop
1795,country
1796,country
1797,classical
1798,pop
1799,blues
1800,hiphop
1801,disco
1802,blues
1803,disco
1804,blues
1805,jazz
1806,hiphop
1807,reggae
1808,metal
1809,reggae
1810,pop
1811,hiphop
1812,blues
1813,disco
1814,hiphop
1815,jazz
1816,blues
1817,jazz
1818,hiphop
1819,classical
1820,jazz
1821,metal
1822,metal
1823,pop
1824,metal
1825,jazz
1826,country
1827,pop
1828,pop
1829,jazz
1830,reggae
1831,hiphop
1832,classical
1833,metal
1834,classical
1835,metal
1836,rock
1837,country
1838,reggae
1839,hiphop
1840,jazz
1841,classical
1842,classical
1843,jazz
1844,hiphop
1845,hiphop
1846,pop
1847,rock
1848,metal
1849,country
1850,pop
1851,jazz
1852,pop
1853,blues
1854,jazz
1855,rock
1856,metal
1857,hiphop
1858,blues
1859,classical
1860,metal
1861,jazz
1862,reggae
1863,country
1864,blues
1865,country
1866,rock
1867,pop
1868,blues
1869,country
1870,classical
1871,disco
1872,jazz
1873,jazz
1874,metal
1875,rock
1876,blues
1877,rock
1878,country
1879,pop
1880,jazz
1881,jazz
1882,pop
1883,classical
1884,rock
1885,country
1886,reggae
1887,jazz
1888,metal
1889,jazz
1890,hiphop
1891,disco
1892,classical
1893,blues
1894,country
1895,pop
1896,reggae
1897,metal
1898,reggae
1899,classical
1900,hiphop
1901,hiphop
1902,pop
1903,disco
1904,rock
1905,hiphop
1906,pop
1907,disco
1908,classical
1909,country
1910,classical
1911,pop
1912,country
1913,pop
1914,classical
1915,jazz
1916,jazz
1917,classical
1918,reggae
1919,reggae
1920,hiphop
1921,hiphop
1922,country
1923,country
1924,jazz
1925,reggae
1926,disco
1927,classical
1928,disco
1929,country
1930,disco
1931,pop
1932,blues
1933,jazz
1934,reggae
1935,rock
1936,jazz
1937,pop
1938,reggae
1939,country
1940,rock
1941,classical
1942,classical
1943,hiphop
1944,metal
1945,pop
1946,reggae
1947,metal
1948,metal
1949,rock
1950,classical
1951,country
1952,jazz
1953,classical
1954,pop
1955,pop
1956,reggae
1957,jazz
1958,country
1959,reggae
1960,rock
1961,country
1962,country
1963,metal
1964,reggae
1965,blues
1966,classical
1967,reggae
1968,country
1969,hiphop
1970,country
1971,country
1972,jazz
1973,disco
1974,jazz
1975,reggae
1976,hiphop
1977,classical
1978,hiphop
1979,disco
1980,reggae
1981,hiphop
1982,country
1983,hiphop
1984,rock
1985,reggae
1986,classical
1987,reggae
1988,country
1989,rock
1990,rock
1991,country
1992,country
1993,rock
1994,rock
1995,jazz
1996,rock
1997,blues
1998,blues
1999,classical
2000,blues
2001,rock
2002,hiphop
2003,disco
2004,rock
2005,metal
2006,rock
2007,blues
2008,pop
2009,reggae
2010,hiphop
2011,hiphop
2012,pop
2013,disco
2014,metal
2015,hiphop
2016,pop
2017,classical
2018,blues
2019,country
2020,pop
2021,metal
2022,pop
2023,pop
2024,disco
2025,jazz
2026,rock
2027,country
2028,jazz
2029,jazz
2030,jazz
2031,metal
2032,country
2033,jazz
2034,reggae
2035,reggae
2036,classical
2037,jazz
2038,disco
2039,pop
2040,classical
2041,hiphop
2042,pop
2043,disco
2044,country
2045,classical
2046,blues
2047,hiphop
2048,metal
2049,rock
2050,metal
2051,disco
2052,country
2053,jazz
2054,rock
2055,jazz
2056,disco
2057,country
2058,pop
2059,reggae
2060,pop
2061,pop
2062,hiphop
2063,pop
2064,blues
2065,classical
2066,metal
2067,reggae
2068,pop
2069,disco
2070,disco
2071,rock
2072,jazz
2073,blues
2074,blues
2075,hiphop
2076,pop
2077,rock
2078,pop
2079,hiphop
2080,reggae
2081,blues
2082,classical
2083,metal
2084,country
2085,hiphop
2086,jazz
2087,metal
2088,jazz
2089,blues
2090,metal
2091,blues
2092,rock
2093,reggae
2094,disco
2095,jazz
2096,reggae
2097,hiphop
2098,classical
2099,metal
2100,reggae
2101,pop
2102,reggae
2103,hiphop
2104,rock
2105,rock
2106,classical
2107,country
2108,classical
2109,metal
2110,jazz
2111,jazz
2112,reggae
2113,jazz
2114,country
2115,disco
2116,rock
2117,reggae
2118,metal
2119,reggae
2120,blues
2121,blues
2122,blues
2123,country
2124,jazz
2125,pop
2126,reggae
2127,pop
2128,country
2129,rock
2130,reggae
2131,country
2132,jazz
2133,rock
2134,jazz
2135,country
2136,metal
2137,rock
2138,hiphop
2139,rock
2140,jazz
2141,reggae
2142,reggae
2143,reggae
2144,pop
2145,rock
2146,hiphop
2147,pop
2148,blues
2149,jazz
2150,jazz
2151,classical
2152,metal
2153,rock
2154,hiphop
2155,blues
2156,rock
2157,pop
2158,hiphop
2159,rock
2160,rock
2161,disco
2162,blues
2163,rock
2164,pop
2165,country
2166,reggae
2167,rock
2168,metal
2169,country
2170,disco
2171,blues
2172,rock
2173,classical
2174,disco
2175,blues
2176,pop
2177,jazz
2178,metal
2179,country
2180,metal
2181,disco
2182,metal
2183,reggae
2184,rock
2185,pop
2186,blues
2187,country
2188,reggae
2189,disco
2190,reggae
2191,jazz
2192,pop
2193,reggae
2194,metal
2195,jazz
2196,country
2197,pop
2198,reggae
2199,jazz
2200,reggae
2201,jazz
2202,hiphop
2203,rock
2204,pop
2205,disco
2206,disco
2207,hiphop
2208,reggae
2209,hiphop
2210,disco
2211,hiphop
2212,hiphop
2213,disco
2214,pop
2215,jazz
2216,pop
2217,jazz
2218,reggae
2219,hiphop
2220,hiphop
2221,classical
2222,rock
2223,reggae
2224,metal
2225,metal
2226,jazz
2227,country
2228,hiphop
2229,blues
2230,hiphop
2231,classical
2232,jazz
2233,pop
2234,hiphop
2235,pop
2236,disco
2237,disco
2238,reggae
2239,hiphop
2240,reggae
2241,hiphop
2242,country
2243,classical
2244,rock
2245,rock
2246,disco
2247,disco
2248,blues
2249,reggae
2250,disco
2251,disco
2252,blues
2253,classical
2254,metal
2255,jazz
2256,pop
2257,classical
2258,country
2259,blues
2260,reggae
2261,country
2262,metal
2263,pop
2264,pop
2265,disco
2266,hiphop
2267,jazz
2268,hiphop
2269,blues
2270,classical
2271,rock
2272,disco
2273,reggae
2274,blues
2275,country
2276,metal
2277,country
2278,blues
2279,metal
2280,pop
2281,country
2282,hiphop
2283,blues
2284,blues
2285,hiphop
2286,rock
2287,rock
2288,classical
2289,jazz
2290,hiphop
2291,pop
2292,reggae
2293,reggae
2294,pop
2295,country
2296,reggae
2297,pop
2298,hiphop
2299,disco
2300,classical
2301,jazz
2302,country
2303,pop
2304,hiphop
2305,country
2306,blues
2307,jazz
2308,hiphop
2309,rock
2310,disco
2311,country
2312,rock
2313,metal
2314,metal
2315,reggae
2316,jazz
2317,classical
2318,metal
2319,classical
2320,country
2321,country
2322,pop
2323,jazz
2324,disco
2325,blues
2326,hiphop
2327,metal
2328,disco
2329,pop
2330,hiphop
2331,jazz
2332,hiphop
2333,rock
2334,rock
2335,blues
2336,hiphop
2337,jazz
2338,disco
2339,blues
2340,classical
2341,pop
2342,hiphop
2343,country
2344,metal
2345,reggae
2346,hiphop
2347,classical
2348,hiphop
2349,jazz
2350,rock
2351,disco
2352,disco
2353,country
2354,pop
2355,country
2356,pop
2357,rock
2358,jazz
2359,metal
2360,reggae
2361,pop
2362,reggae
2363,disco
2364,disco
2365,rock
2366,classical
2367,reggae
2368,pop
2369,reggae
2370,jazz
2371,classical
2372,rock
2373,classical
2374,blues
2375,reggae
2376,reggae
2377,disco
2378,rock
2379,reggae
2380,country
2381,country
2382,jazz
2383,reggae
2384,pop
2385,classical
2386,disco
2387,rock
2388,pop
2389,classical
2390,reggae
2391,pop
2392,blues
2393,pop
2394,country
2395,reggae
2396,metal
2397,pop
2398,rock
2399,blues
2400,reggae
2401,pop
2402,hiphop
2403,blues
2404,metal
2405,hiphop
2406,blues
2407,disco
2408,rock
2409,classical
2410,blues
2411,metal
2412,jazz
2413,classical
2414,reggae
2415,blues
2416,classical
2417,pop
2418,blues
2419,hiphop
2420,metal
2421,country
2422,country
2423,metal
2424,jazz
2425,metal
2426,pop
2427,metal
2428,metal
2429,classical
2430,reggae
2431,country
2432,jazz
2433,classical
2434,country
2435,reggae
2436,metal
2437,reggae
2438,country
2439,disco
2440,blues
2441,blues
2442,hiphop
2443,pop
2444,reggae
2445,metal
2446,reggae
2447,metal
2448,disco
2449,disco
2450,pop
2451,jazz
2452,country
2453,hiphop
2454,disco
2455,classical
2456,blues
2457,metal
2458,rock
2459,blues
2460,disco
2461,disco
2462,classical
2463,classical
2464,rock
2465,blues
2466,pop
2467,rock
2468,blues
2469,disco
2470,blues
2471,metal
2472,pop
2473,disco
2474,reggae
2475,disco
2476,blues
2477,country
2478,reggae
2479,hiphop
2480,disco
2481,rock
2482,jazz
2483,rock
2484,rock
2485,jazz
2486,disco
2487,hiphop
2488,country
2489,reggae
2490,disco
2491,metal
2492,hiphop
2493,hiphop
2494,blues
2495,reggae
2496,rock
2497,country
2498,metal
2499,reggae
2500,pop
2501,blues
2502,jazz
2503,metal
2504,reggae
2505,jazz
2506,metal
2507,metal
2508,country
2509,hiphop
2510,metal
2511,country
2512,reggae
2513,pop
2514,disco
2515,disco
2516,hiphop
2517,country
2518,pop
2519,blues
2520,reggae
2521,metal
2522,metal
2523,reggae
2524,reggae
2525,country
2526,metal
2527,disco
2528,hiphop
2529,disco
2530,jazz
2531,classical
2532,pop
2533,jazz
2534,classical
2535,reggae
2536,disco
2537,blues
2538,hiphop
2539,metal
2540,rock
2541,rock
2542,blues
2543,classical
2544,disco
2545,rock
2546,reggae
2547,disco
2548,pop
2549,disco
2550,jazz
2551,hiphop
2552,blues
2553,disco
2554,disco
2555,classical
2556,pop
2557,disco
2558,rock
2559,disco
2560,metal
2561,disco
2562,reggae
2563,jazz
2564,hiphop
2565,metal
2566,pop
2567,reggae
2568,jazz
2569,hiphop
2570,hiphop
2571,jazz
2572,reggae
2573,pop
2574,pop
2575,classical
2576,pop
2577,jazz
2578,disco
2579,jazz
2580,jazz
2581,metal
2582,blues
2583,rock
2584,disco
2585,country
2586,blues
2587,hiphop
2588,reggae
2589,rock
2590,rock
2591,metal
2592,hiphop
2593,country
2594,disco
2595,jazz
2596,disco
2597,metal
2598,rock
2599,disco
2600,pop
2601,reggae
2602,jazz
2603,hiphop
2604,pop
2605,pop
2606,pop
2607,country
2608,jazz
2609,country
2610,country
2611,reggae
2612,pop
2613,country
2614,reggae
2615,blues
2616,reggae
2617,blues
2618,classical
2619,blues
2620,blues
2621,metal
2622,country
2623,disco
2624,classical
2625,country
2626,blues
2627,disco
2628,reggae
2629,pop
2630,jazz
2631,blues
2632,rock
2633,rock
2634,pop
2635,pop
2636,blues
2637,blues
2638,reggae
2639,reggae
2640,metal
2641,blues
2642,blues
2643,reggae
2644,hiphop
2645,reggae
2646,hiphop
2647,blues
2648,reggae
2649,metal
2650,country
2651,classical
2652,classical
2653,reggae
2654,country
2655,disco
2656,disco
2657,rock
2658,reggae
2659,hiphop
2660,jazz
2661,hiphop
2662,metal
2663,classical
2664,jazz
2665,metal
2666,pop
2667,rock
2668,disco
2669,disco
2670,hiphop
2671,classical
2672,blues
2673,classical
2674,metal
2675,metal
2676,metal
2677,reggae
2678,pop
2679,blues
2680,blues
2681,country
2682,classical
2683,pop
2684,metal
2685,jazz
2686,rock
2687,classical
2688,reggae
2689,blues
2690,disco
2691,disco
2692,rock
2693,pop
2694,hiphop
2695,blues
2696,classical
2697,hiphop
2698,reggae
2699,rock
2700,blues
2701,country
2702,jazz
2703,blues
2704,disco
2705,rock
2706,country
2707,metal
2708,classical
2709,hiphop
2710,country
2711,rock
2712,disco
2713,rock
2714,metal
2715,reggae
2716,jazz
2717,metal
2718,country
2719,classical
2720,reggae
2721,jazz
2722,blues
2723,classical
2724,metal
2725,disco
2726,classical
2727,jazz
2728,rock
2729,rock
2730,rock
2731,metal
2732,jazz
2733,blues
2734,hiphop
2735,pop
2736,pop
2737,disco
2738,jazz
2739,reggae
2740,metal
2741,metal
2742,country
2743,rock
2744,metal
2745,classical
2746,rock
2747,hiphop
2748,disco
2749,classical
2750,classical
2751,hiphop
2752,country
2753,metal
2754,country
2755,metal
2756,jazz
2757,jazz
2758,classical
2759,classical
2760,blues
2761,hiphop
2762,pop
2763,jazz
2764,hiphop
2765,classical
2766,country
2767,classical
2768,country
2769,metal
2770,pop
2771,reggae
2772,reggae
2773,reggae
2774,metal
2775,classical
2776,blues
2777,classical
2778,jazz
2779,reggae
2780,classical
2781,rock
2782,rock
2783,jazz
2784,metal
2785,blues
2786,hiphop
2787,metal
2788,metal
2789,classical
2790,reggae
2791,disco
2792,rock
2793,reggae
2794,country
2795,metal
2796,country
2797,country
2798,hiphop
2799,hiphop
2800,hiphop
2801,pop
2802,country
2803,classical
2804,country
2805,metal
2806,hiphop
2807,metal
2808,hiphop
2809,pop
2810,classical
2811,jazz
2812,hiphop
2813,disco
2814,pop
2815,rock
2816,rock
2817,disco
2818,pop
2819,classical
2820,country
2821,hiphop
2822,blues
2823,metal
2824,jazz
2825,rock
2826,metal
2827,jazz
2828,pop
2829,jazz
2830,metal
2831,rock
2832,country
2833,hiphop
2834,jazz
2835,rock
2836,disco
2837,pop
2838,jazz
2839,country
2840,metal
2841,jazz
2842,hiphop
2843,pop
2844,rock
2845,disco
2846,jazz
2847,metal
2848,hiphop
2849,metal
2850,jazz
2851,classical
2852,rock
2853,disco
2854,rock
2855,reggae
2856,country
2857,reggae
2858,blues
2859,pop
2860,disco
2861,pop
2862,hiphop
2863,classical
2864,metal
2865,pop
2866,country
2867,hiphop
2868,disco
2869,hiphop
2870,country
2871,metal
2872,metal
2873,classical
2874,pop
2875,rock
2876,pop
2877,rock
2878,metal
2879,reggae
2880,reggae
2881,metal
2882,reggae
2883,blues
2884,jazz
2885,reggae
2886,rock
2887,classical
2888,classical
2889,disco
2890,jazz
2891,country
2892,rock
2893,blues
2894,rock
2895,metal
2896,jazz
2897,metal
2898,classical
2899,blues
2900,classical
2901,hiphop
2902,disco
2903,reggae
2904,reggae
2905,reggae
2906,rock
2907,rock
2908,disco
2909,pop
2910,jazz
2911,metal
2912,pop
2913,rock
2914,reggae
2915,country
2916,jazz
2917,blues
2918,pop
2919,classical
2920,hiphop
2921,metal
2922,classical
2923,classical
2924,country
2925,jazz
2926,hiphop
2927,jazz
2928,pop
2929,disco
2930,reggae
2931,pop
2932,jazz
2933,pop
2934,classical
2935,pop
2936,pop
2937,jazz
2938,classical
2939,hiphop
2940,blues
2941,classical
2942,blues
2943,jazz
2944,classical
2945,country
2946,disco
2947,reggae
2948,country
2949,reggae
2950,country
2951,jazz
2952,reggae
2953,metal
2954,pop
2955,disco
2956,metal
2957,country
2958,country
2959,metal
2960,metal
2961,blues
2962,rock
2963,disco
2964,pop
2965,rock
2966,metal
2967,metal
2968,blues
2969,disco
2970,disco
2971,hiphop
2972,classical
2973,rock
2974,classical
2975,reggae
2976,country
2977,jazz
2978,jazz
2979,disco
2980,pop
2981,classical
2982,hiphop
2983,pop
2984,reggae
2985,jazz
2986,rock
2987,metal
2988,rock
2989,metal
2990,rock
2991,classical
2992,jazz
2993,jazz
2994,pop
2995,rock
2996,country
2997,hiphop
2998,rock
2999,rock
3000,classical
3001,country
3002,jazz
3003,classical
3004,disco
3005,hiphop
3006,classical
3007,country
3008,jazz
3009,country
3010,reggae
3011,metal
3012,metal
3013,rock
3014,country
3015,rock
3016,metal
3017,metal
3018,country
3019,pop
3020,reggae
